,episode,make_span,reward,min make span
0,0.0,960.0,-32.151515151515156,960.0
1,0.0,962.0,-32.45454545454545,960.0
2,0.0,957.0,-31.696969696969695,957.0
3,0.0,951.0,-30.787878787878793,951.0
4,0.0,944.0,-29.727272727272727,944.0
5,1.0,947.0,-30.181818181818173,944.0
6,1.0,945.0,-29.878787878787882,944.0
7,1.0,947.0,-30.181818181818176,944.0
8,1.0,956.0,-31.54545454545454,944.0
9,1.0,958.0,-31.84848484848484,944.0
