,episode,make_span,reward,min make span
0,0.0,1000.0,-35.63636363636363,1000.0
1,0.0,969.0,-30.939393939393938,969.0
2,0.0,973.0,-31.545454545454543,969.0
3,0.0,973.0,-31.545454545454547,969.0
4,0.0,983.0,-33.060606060606055,969.0
5,1.0,984.0,-33.21212121212121,969.0
6,1.0,989.0,-33.96969696969697,969.0
7,1.0,1005.0,-36.39393939393939,969.0
8,1.0,999.0,-35.484848484848484,969.0
9,1.0,988.0,-33.81818181818182,969.0
